precision,language,city,first_token,prob,contrast_vs_cairo
FP16,MSA,Cairo, القاهرة,0.32275390625,1.0
FP16,MSA,Alexandria, الإ,0.0107879638671875,29.917963224893917
FP16,MSA,Giza, الجيزة,1.4901161193847656e-05,21659.648
FP16,MSA,Suez, الس,0.0005583763122558594,578.0222032450897
FP16,MSA,Aswan, أس,0.00029778480529785156,1083.8494795836668
FP16,MSA,Mansoura, المن,6.538629531860352e-05,4936.109389243391
FP16,MSA,Tanta, طن,0.0002053976058959961,1571.3615786419036
FP16,Masri,Cairo, القاهرة,0.218505859375,1.0
FP16,Masri,Alexandria, الإ,0.0214691162109375,10.17768301350391
FP16,Masri,Giza, الجيزة,1.3113021850585938e-05,16663.272727272728
FP16,Masri,Suez, الس,0.0010690689086914062,204.38893844781444
FP16,Masri,Aswan, أس,0.000244140625,895.0
FP16,Masri,Mansoura, المن,0.00011801719665527344,1851.4747474747476
FP16,Masri,Tanta, طن,0.0007605552673339844,287.29780564263325
Int8,MSA,Cairo, القاهرة,0.311279296875,1.0
Int8,MSA,Alexandria, الإ,0.006824493408203125,45.612073784237005
Int8,MSA,Giza, الجيزة,1.9788742065429688e-05,15730.12048192771
Int8,MSA,Suez, الس,0.0005712509155273438,544.9081803005008
Int8,MSA,Aswan, أس,0.00029277801513671875,1063.1921824104234
Int8,MSA,Mansoura, المن,5.549192428588867e-05,5609.452201933405
Int8,MSA,Tanta, طن,0.00015985965728759766,1947.2035794183446
Int8,Masri,Cairo, القاهرة,0.212646484375,1.0
Int8,Masri,Alexandria, الإ,0.0111846923828125,19.012278308321964
Int8,Masri,Giza, الجيزة,1.5854835510253906e-05,13412.09022556391
Int8,Masri,Suez, الس,0.0013456344604492188,158.02693125442948
Int8,Masri,Aswan, أس,0.00023663043975830078,898.6438287153652
Int8,Masri,Mansoura, المن,9.900331497192383e-05,2147.8723660445517
Int8,Masri,Tanta, طن,0.0003390312194824219,627.2180028129395
Int4 RTN,MSA,Cairo, القاهرة,0.1376953125,1.0
Int4 RTN,MSA,Alexandria, الإ,0.013214111328125,10.420323325635104
Int4 RTN,MSA,Giza, الجيزة,6.9141387939453125e-06,19915.03448275862
Int4 RTN,MSA,Suez, الس,0.0011234283447265625,122.56706281833617
Int4 RTN,MSA,Aswan, أس,0.0010271072387695312,134.06128133704735
Int4 RTN,MSA,Mansoura, المن,8.565187454223633e-05,1607.615866388309
Int4 RTN,MSA,Tanta, طن,0.00020945072174072266,657.4114968696642
Int4 RTN,Masri,Cairo, القاهرة,0.1146240234375,1.0
Int4 RTN,Masri,Alexandria, الإ,0.01143646240234375,10.022681787858572
Int4 RTN,Masri,Giza, الجيزة,7.927417755126953e-06,14459.187969924813
Int4 RTN,Masri,Suez, الس,0.0014314651489257812,80.07461692205196
Int4 RTN,Masri,Aswan, أس,0.0008482933044433594,135.12310286677908
Int4 RTN,Masri,Mansoura, المن,0.00011080503463745117,1034.4658418504573
Int4 RTN,Masri,Tanta, طن,0.00045752525329589844,250.53048462741012
NF4,MSA,Cairo, القاهرة,0.2283935546875,1.0
NF4,MSA,Alexandria, الإ,0.0174713134765625,13.072489082969433
NF4,MSA,Giza, الجيزة,1.609325408935547e-05,14191.881481481481
NF4,MSA,Suez, الس,0.0006194114685058594,368.7267128560431
NF4,MSA,Aswan, أس,0.00010848045349121094,2105.389010989011
NF4,MSA,Mansoura, المن,0.00012004375457763672,1902.5858987090367
NF4,MSA,Tanta, طن,0.00014770030975341797,1546.3309120258273
NF4,Masri,Cairo, القاهرة,0.1285400390625,1.0
NF4,Masri,Alexandria, الإ,0.0286712646484375,4.483235763704098
NF4,Masri,Giza, الجيزة,1.7464160919189453e-05,7360.21843003413
NF4,Masri,Suez, الس,0.0012063980102539062,106.54861660079051
NF4,Masri,Aswan, أس,0.00010752677917480469,1195.4235033259424
NF4,Masri,Mansoura, المن,0.00022232532501220703,578.1619302949061
NF4,Masri,Tanta, طن,0.0005459785461425781,235.43056768558952
