precision,lang,layer_num,layer_label,top1_token,top1_prob,p_cairo_en,p_cairo_ar,p_egypt_en,p_egypt_ar,p_capital_en,p_city_ar,p_qmark_en,p_qmark_ar,p_dots,p_colon,p_what_en
FP16 Baseline,EN,0,embed, is,1.0,0.0,0.0,0.0,0.0,0.0,0.0,0.0,0.0,0.0,0.0,0.0
FP16 Baseline,EN,1,L0, is,1.0,0.0,0.0,0.0,0.0,0.0,0.0,0.0,0.0,0.0,0.0,0.0
FP16 Baseline,EN,2,L1,<bos>,0.9254966378211976,0.0,0.0,0.0,0.0,0.0,0.0,5.3277311561690966e-39,0.0,1.947804865411496e-43,1.2898711564981832e-36,1.3494504211447988e-42
FP16 Baseline,EN,3,L2, is,1.0,0.0,5.995959947060887e-40,1.8216880036222624e-44,1.7475118108415388e-38,2.5806312519005826e-41,1.8454868159612763e-38,5.325596671443307e-35,7.670426973501798e-38,3.72962032252986e-39,4.0242231764485215e-34,1.3779081413846505e-33
FP16 Baseline,EN,4,L3,<bos>,1.0,0.0,9.809089250273721e-45,0.0,6.2918301048184294e-43,1.3056682519254344e-39,5.615143076395973e-41,7.302463372871059e-39,5.270283524325637e-42,8.787542669780928e-42,1.9277275094301583e-37,7.446215743989636e-37
FP16 Baseline,EN,5,L4, is,0.9999910593032836,3.625475475450174e-30,1.9994777182153597e-28,5.868804834262825e-32,4.673554818059375e-27,5.172551804747674e-23,7.801521273464047e-25,1.6573677958829822e-26,4.8094196230233696e-26,3.7030752178021926e-32,1.0239855325799524e-24,1.2655321342577901e-20
FP16 Baseline,EN,6,L5,<bos>,0.9999996423721312,9.949008901936552e-40,6.067368547348599e-37,8.816969937531749e-42,4.45437375279034e-34,5.571529601004843e-31,1.1008794795618582e-33,9.85777026988698e-32,8.886972620675397e-35,1.2701618240930508e-35,2.3408209576286064e-30,5.877508993772472e-30
FP16 Baseline,EN,7,L6, is,0.9999996423721312,1.1445263000962023e-29,1.0956919750550198e-27,1.54461688025733e-30,2.5125082705077183e-26,4.334284036161692e-22,2.8354630206090416e-23,1.3038968306427752e-23,2.1527649255312747e-24,4.7465595037173056e-27,1.7355945617853108e-21,4.404105713510374e-20
FP16 Baseline,EN,8,L7, is,0.9999954700469972,1.6137487921606278e-24,3.6224076249190905e-23,1.478673914296671e-25,1.428978489556874e-22,7.592206350366323e-14,1.0892090636460633e-16,9.308283078598769e-19,5.856052288433009e-20,1.34480488526813e-22,8.353353726218817e-18,1.2774331517646678e-16
FP16 Baseline,EN,9,L8, is,0.9999899864196776,6.313840105908518e-23,3.946628194787478e-22,8.489558872186416e-23,3.846701252791637e-21,5.473422279647644e-13,2.8134150215140645e-14,2.2195206326682133e-17,1.6476827756354553e-19,1.035168149775454e-20,5.561219696790934e-16,1.0231692134710958e-15
FP16 Baseline,EN,10,L9, is,0.9994338154792786,1.3113443692613031e-20,5.138102814472169e-20,3.069435901106712e-20,2.2705164311694416e-19,2.4624158267982916e-10,2.0836072450736157e-11,3.681764230512377e-16,2.425556136219126e-15,2.8470741911171848e-18,9.903944933045348e-14,2.229135794137513e-13
FP16 Baseline,EN,11,L10, is,0.9979827404022216,1.5821166921223517e-19,2.6276058038140033e-18,1.4158062655536718e-18,1.1716778664314825e-18,9.939200851238894e-11,1.5482060078397808e-10,4.570250970205303e-15,6.174392035385125e-15,5.236633131070066e-18,1.2497465085373194e-12,1.308976256379768e-12
FP16 Baseline,EN,12,L11, is,0.7847986221313477,2.4116933832461253e-16,2.990600698025037e-16,4.30439512133076e-16,3.645907406796082e-17,2.323542747095786e-10,1.433122176486279e-09,3.888269168987081e-15,1.8829232064591225e-13,1.4773397763721546e-17,3.5954201313241623e-13,1.5997704463227569e-12
FP16 Baseline,EN,13,L12, is,0.9993054866790771,1.0439105925889586e-19,6.448356610073072e-17,8.114805694304065e-19,1.1812198083875882e-18,5.918059011594812e-12,3.7685715659208086e-11,1.918020863661552e-12,6.106623046857676e-14,3.4786522314004106e-18,5.647967336874782e-12,3.4319911496050175e-11
FP16 Baseline,EN,14,L13, is,0.9976561069488524,4.492098666757836e-20,3.980485222438183e-16,3.4562826826975625e-19,7.473508979756983e-20,4.2752728440786925e-11,7.266272999961743e-11,1.0828113579386399e-11,5.158173150762724e-15,6.330826156430107e-17,3.008951310334851e-09,3.09905504036756e-11
FP16 Baseline,EN,15,L14, called,0.67476487159729,7.212735420589807e-16,2.056056198776815e-13,1.4787890828321312e-15,6.866937793293486e-17,1.3726003444958224e-08,1.5722060098255497e-08,1.7538437369069015e-10,3.760363114641008e-12,1.6929341229657976e-13,3.7310293521386484e-08,3.7043534462100076e-08
FP16 Baseline,EN,16,L15, called,0.9774987697601318,6.533886423666565e-17,3.094326341042549e-15,6.423101661006196e-16,2.292089154720266e-16,4.470920522692268e-09,4.0175782145546174e-10,1.8601511997395903e-10,2.2729490476726923e-14,1.5328827074855e-13,1.5757674276528633e-08,5.7603568137665206e-08
FP16 Baseline,EN,17,L16, called,0.912395179271698,1.2890465028671165e-15,6.388461808171099e-13,2.5437123619216538e-15,4.0624981287648966e-16,8.171205934104364e-08,6.9871473051819075e-09,1.598354559817494e-09,2.6543229216685092e-14,1.3214800087535394e-10,3.0991666335467016e-06,7.711905709584244e-07
FP16 Baseline,EN,18,L17, called,0.7627742886543274,3.324083400982374e-18,7.367948384822647e-16,2.901431951480801e-17,1.60307486907491e-17,6.452841594395409e-10,1.370246277554443e-10,4.0316166405318654e-08,2.819977028108091e-15,4.068599346318536e-10,0.0013363308971747,7.1153822318592574e-06
FP16 Baseline,EN,19,L18, called,0.8159239292144775,1.5789234503182925e-11,1.1447192206723994e-13,3.2772437541517263e-10,4.2967544669828005e-13,9.04821195746308e-09,7.45171591098881e-10,2.661230098510714e-07,4.0943238247470246e-14,1.0044449993973359e-10,0.0002783364325296,5.178330684429966e-05
FP16 Baseline,EN,20,L19, called,0.9943138360977172,1.1898579994548686e-12,2.5776864299195505e-15,1.8286513796261783e-12,6.064268858396119e-16,2.0183115623240155e-08,7.606849178332098e-12,1.6448394646317865e-08,4.856391405282014e-16,2.4462324527130264e-11,0.0030318291392177,2.6405286916997284e-06
FP16 Baseline,EN,21,L20, called,0.980109930038452,4.7257916691023645e-08,2.485557116030379e-12,1.7642664218442405e-08,1.845524601196136e-12,1.0557248941722722e-07,1.876584478088805e-11,7.066602393024368e-06,4.308009569735372e-14,3.47067242500998e-07,0.0173265431076288,1.6804680853965692e-05
FP16 Baseline,EN,22,L21,:,0.6598864793777466,1.424747608780308e-07,2.2424942111576307e-11,2.169236346105663e-09,2.4472427122973484e-12,5.874047204201816e-08,2.118418288010737e-11,0.0008732678834348,1.9732433799457032e-14,1.7358171362502617e-06,0.6598864793777466,7.544365507783368e-05
FP16 Baseline,EN,23,L22,:,0.7752283811569214,5.934569344390184e-05,2.0056338534413243e-11,6.487248811026802e-06,1.0447470145946712e-11,4.19673673590637e-09,5.168635701727209e-13,0.0105311861261725,4.1135668039460425e-15,9.74537615547888e-05,0.7752283811569214,3.3618318866501795e-06
FP16 Baseline,EN,24,L23,:,0.5282503962516785,4.823291988031997e-07,4.843651521535541e-13,4.832387290321095e-08,2.936248791850227e-13,4.642554340961169e-09,1.217695513649683e-13,0.017367223277688,1.287216382305455e-15,2.417694304313045e-05,0.5282503962516785,2.5171519155264832e-05
FP16 Baseline,EN,25,L24,:,0.5282111167907715,0.0104434695094823,2.6608514003267917e-11,0.0002084410807583,2.898275152860008e-12,1.6081543208201765e-07,1.1981118354376095e-11,0.0036661566700786,3.266309531874123e-12,3.3670739867375232e-06,0.5282111167907715,0.0003457981802057
FP16 Baseline,EN,26,L25, Cairo,0.9639776945114136,0.9639776945114136,1.8530245697243042e-13,3.996145460405387e-05,1.0532248901143348e-13,1.6952238501843906e-09,3.2505516155264744e-14,0.0006953809643164,8.459147578848064e-16,1.260178805750911e-07,0.021422766149044,3.826829924946651e-06
FP16 Baseline,MSA,0,embed, هي,1.0,0.0,0.0,0.0,0.0,0.0,0.0,0.0,0.0,0.0,0.0,0.0
FP16 Baseline,MSA,1,L0, هي,1.0,0.0,0.0,0.0,0.0,0.0,0.0,0.0,0.0,0.0,0.0,0.0
FP16 Baseline,MSA,2,L1, هي,1.0,0.0,0.0,0.0,0.0,0.0,0.0,0.0,0.0,0.0,0.0,0.0
FP16 Baseline,MSA,3,L2, هي,1.0,0.0,0.0,0.0,0.0,0.0,0.0,0.0,0.0,0.0,0.0,0.0
FP16 Baseline,MSA,4,L3,<bos>,0.999772608280182,1.6111266542952723e-38,1.498891503509149e-37,9.667165741806902e-38,1.5631960811021205e-39,1.2611686178923354e-44,1.6850614033505923e-41,2.9936611716633936e-39,3.2419039972154643e-41,1.6395192032600362e-43,5.162946304035899e-38,3.9272972929967685e-39
FP16 Baseline,MSA,5,L4, هي,0.9998175501823424,1.4655561319633971e-27,1.4161211695578709e-27,2.141248334390745e-27,1.3522300205079665e-29,3.1999206199038537e-35,1.2408517426884586e-30,3.679273808186744e-31,3.6241237274763896e-32,7.456144022082091e-36,1.4505934618548311e-28,9.981798790030093e-29
FP16 Baseline,MSA,6,L5,<bos>,1.0,1.5310587021212951e-41,1.4424185868515038e-38,9.881956770418609e-42,6.801902745832662e-42,1.401298464324817e-45,7.006492321624085e-44,6.810310536618612e-43,0.0,0.0,1.4401284447712578e-40,4.039467031170577e-40
FP16 Baseline,MSA,7,L6, هي,0.9999852180480956,3.974395240370593e-21,1.1743603097604154e-18,8.94981634683673e-20,8.1054582060309815e-22,2.1520041875173252e-23,9.930867901402391e-21,3.1958528629818125e-23,5.145245857829992e-23,2.280513214597161e-26,2.2536944209434687e-19,5.300672109925425e-19
FP16 Baseline,MSA,8,L7, هي,0.9998399019241332,3.161197898162381e-16,1.2239744672437256e-14,1.6613673522501509e-15,2.0816594361449002e-16,1.234967260833192e-15,7.623095405785707e-13,3.248829544605147e-16,4.136180201357568e-16,2.13062299973962e-19,3.965565939859084e-13,5.2199679312098935e-14
FP16 Baseline,MSA,9,L8, هي,0.9806593060493468,1.7713826553581585e-13,1.0264224637335922e-13,3.034015313291283e-12,5.45093230128928e-15,9.894637192919829e-12,4.952258603196924e-10,9.656057691712767e-14,7.722610291321323e-15,6.500727069015029e-17,4.108077159697965e-12,1.912021701990646e-13
FP16 Baseline,MSA,10,L9, هي,0.5748627185821533,5.330062563188577e-13,2.4392239530296456e-13,2.1780173151131343e-11,1.6675827317863372e-14,5.769404953781532e-10,5.207846243138192e-08,2.478691514193332e-12,6.647158138587544e-14,1.8387265858120158e-14,3.463307196582832e-09,4.407525126121081e-12
FP16 Baseline,MSA,11,L10, هي,0.7537875771522522,5.836168137304809e-14,4.7060334009687774e-14,2.0788147245265343e-11,2.8888137016655534e-15,4.0270581314061355e-10,1.2438263752301282e-08,9.506490646765677e-13,9.355669484836881e-15,2.3300333084935905e-14,2.0937829248168782e-09,1.0978994623156437e-11
FP16 Baseline,MSA,12,L11, هي,0.6778519749641418,6.157785192124551e-14,1.0152853696112315e-14,2.781453669817302e-12,2.415260874261724e-15,6.513564132504256e-10,7.266215629186945e-09,1.3546616898976046e-13,1.2931758943640994e-15,1.9603647522024696e-14,5.441591066634999e-10,3.430525178163557e-12
FP16 Baseline,MSA,13,L12, suivantes,0.2332746833562851,7.706428404490388e-14,5.395267566044026e-13,3.967576701208175e-12,1.4054593230059583e-14,5.494222299340379e-10,1.7993990297782148e-08,6.774459465619387e-11,3.1527273738722605e-13,7.661971202627387e-15,7.467322760135175e-09,3.2713689396279826e-11
FP16 Baseline,MSA,14,L13, invokingState,0.9748708009719848,5.092526720921976e-16,6.637075736009787e-14,3.4870953916294265e-14,1.646735447038929e-17,1.6761078081017901e-09,1.8978631999289064e-09,3.7732853950742107e-13,1.2086558425113136e-13,5.895747683072936e-17,1.5890323779021998e-10,5.884718060067407e-12
FP16 Baseline,MSA,15,L14, invokingState,0.6617218255996704,2.392307001369137e-14,1.1576796379170196e-12,5.384408197084413e-13,1.7769419803481256e-16,3.6611712772582905e-08,1.936304894201157e-09,8.859661593772773e-13,9.61554945909382e-13,3.1829086231499304e-15,1.832158313952448e-10,1.9219247027191244e-10
FP16 Baseline,MSA,16,L15, ſhe,0.4602335095405578,6.643436235159728e-12,7.83061376158356e-12,6.754870968128657e-11,3.156035003649971e-13,8.923878169753152e-08,1.8219376007877488e-10,2.15196740635526e-12,1.8696250602377729e-13,4.98145327884527e-14,1.3282432931305266e-09,1.2754406419901443e-09
FP16 Baseline,MSA,17,L16,nicity,0.6449111104011536,8.131930545607347e-11,1.997151333199554e-09,8.098913900633775e-11,8.985230636783527e-13,8.51352797326399e-06,1.139144046646834e-06,2.5783991608463447e-10,6.76721872983066e-11,1.4099253708987902e-10,1.1849861891732873e-07,1.667445737041362e-08
FP16 Baseline,MSA,18,L17,nicity,0.9198014736175536,1.9951353069647126e-11,7.946297786443067e-11,1.3161007006434744e-11,2.550394791189792e-12,2.6581001293379813e-05,6.123931939328031e-07,1.2253829027031315e-06,6.245027828200023e-10,4.89929050218052e-07,0.0076471013016998,0.0007006150553934
FP16 Baseline,MSA,19,L18,ofition,0.4375907778739929,0.0025022805202752,1.08049960090284e-07,0.0930783972144126,6.512742629638524e-07,0.0001673289661994,1.794866079762869e-06,0.0006150228437036,2.7385462786355678e-08,1.8121273797078172e-06,0.0115064522251486,0.0470271818339824
FP16 Baseline,MSA,20,L19, capital,0.3009080588817596,0.000341520353686,1.1610870487288594e-08,0.0004597377264872,3.2595910415267326e-09,0.3009080588817596,5.247408125796937e-07,1.8088594515575096e-05,4.153779897819732e-08,3.2691190199329874e-08,0.018137440085411,0.0291096400469541
FP16 Baseline,MSA,21,L20,بوابة,0.9797844886779784,4.086008630110882e-05,2.221947736913421e-09,8.526687452103943e-06,1.1180136816335562e-09,0.0007098800269886,3.9770367554758924e-10,0.0001910357386805,7.615750696743362e-09,8.180320946848951e-06,0.0126309683546423,0.0017361032078042
FP16 Baseline,MSA,22,L21, capital,0.3573100864887237,0.0348781272768974,5.204671197134303e-06,9.165914889308624e-06,7.35204395141409e-08,0.3573100864887237,4.649708898796234e-06,0.0505270734429359,8.249397609461084e-08,0.0002745967067312,0.3123214244842529,0.0092346649616956
FP16 Baseline,MSA,23,L22, Cairo,0.9750744104385376,0.9750744104385376,3.662461267595063e-07,0.0004891653661616,6.873339231106001e-09,0.0002855410275515,1.495422274899738e-08,0.0009570726542733,4.895785554737131e-09,0.0004208865575492,0.0017654033144935,3.809334430115996e-07
FP16 Baseline,MSA,24,L23, Cairo,0.2893144488334656,0.2893144488334656,0.0004397473821882,4.728829662781209e-05,1.6966896509984508e-05,0.1678298711776733,0.0014792244182899,0.0015983616467565,0.000805344840046,0.0509207509458065,0.1590236574411392,2.483661774022039e-05
FP16 Baseline,MSA,25,L24,:,0.2318348884582519,0.0008746749372221,0.0480076037347316,3.356751449246076e-06,0.0021257875487208,0.0006797658861614,0.1481373608112335,1.2596230590133928e-05,0.08859134465456,0.0026754436548799,0.2318348884582519,4.276640993339242e-06
FP16 Baseline,MSA,26,L25, القاهرة,0.3786246180534363,6.658497295575216e-05,0.3786246180534363,1.6964857962875612e-08,0.0096649043262004,3.439170086494414e-07,0.1802537143230438,3.949768870370463e-05,0.0008159535354934,0.0036114936228841,0.1114393919706344,4.170524192659286e-08
FP16 Baseline,Masri,0,embed, هي,1.0,0.0,0.0,0.0,0.0,0.0,0.0,0.0,0.0,0.0,0.0,0.0
FP16 Baseline,Masri,1,L0, هي,1.0,0.0,0.0,0.0,0.0,0.0,0.0,0.0,0.0,0.0,0.0,0.0
FP16 Baseline,Masri,2,L1, هي,1.0,0.0,0.0,0.0,0.0,0.0,0.0,0.0,0.0,0.0,0.0,0.0
FP16 Baseline,Masri,3,L2, هي,1.0,0.0,0.0,0.0,0.0,0.0,0.0,0.0,0.0,0.0,0.0,0.0
FP16 Baseline,Masri,4,L3,<bos>,0.9983354210853576,1.2962328273184635e-36,5.629314450365165e-35,1.455411095506286e-35,1.5915306723623995e-37,1.7936620343357662e-43,1.49242490345986e-40,1.0514114737540213e-38,3.004818310036348e-40,3.988095429468429e-42,1.6760027094279647e-38,2.937359801963752e-39
FP16 Baseline,Masri,5,L4, هي,1.0,1.9674708666181088e-25,5.554928615568203e-26,3.7995093534707747e-25,1.6154782225542769e-27,8.818191277884169e-34,2.944145784176847e-30,1.3998861131428451e-31,1.4162579282633576e-31,6.884709844140824e-36,3.7696602959683625e-29,2.0849991188783612e-29
FP16 Baseline,Masri,6,L5,<bos>,1.0,7.744416092937533e-41,4.292195132847258e-38,8.981061987704184e-41,5.912919000064997e-41,0.0,1.2611686178923354e-44,1.465758193683759e-42,0.0,1.401298464324817e-45,1.6218768555941863e-40,5.143045623764944e-41
FP16 Baseline,Masri,7,L6, هي,0.9999970197677612,5.42422071094514e-20,6.805139626038016e-18,2.5905574181535185e-18,6.668037980874351e-20,5.774727514570685e-23,1.4002156364541062e-20,1.2224591474346313e-21,1.2738351717021026e-22,3.2068312035415014e-24,1.2918467573947919e-17,4.461299889119131e-19
FP16 Baseline,Masri,8,L7, هي,0.9999444484710692,2.460341661780492e-16,1.3595398881661136e-14,1.809979134615152e-14,3.60114448162566e-15,4.131631475612135e-15,8.323622281876386e-13,8.954529080577346e-15,4.24637071746588e-17,2.709959326573354e-17,2.090834883700099e-12,8.942547799538434e-15
FP16 Baseline,Masri,9,L8, هي,0.9992934465408324,5.4792443775512553e-14,1.6484193567437025e-13,7.35034776100374e-12,3.8240274797618837e-14,3.3433429635909555e-11,3.6575603656885386e-10,2.7285055725218e-12,9.543767973851274e-16,5.006550865072415e-15,1.193908305552327e-10,2.1311512938496785e-13
FP16 Baseline,Masri,10,L9, هي,0.9778087735176086,5.048190598183623e-13,1.366658522461428e-12,4.0858615102390416e-11,2.368030359474471e-13,1.3780205865288051e-09,7.105704469267948e-08,2.6827659538319887e-10,2.6661256481621404e-14,9.019391678834201e-13,4.8085748716175665e-08,1.9684021773658245e-11
FP16 Baseline,Masri,11,L10, هي,0.927926540374756,4.5876202278217e-14,8.157974079256447e-13,4.419457855231457e-11,2.6685139422602183e-14,8.91033913319461e-10,2.272898314004124e-08,1.8547581526195955e-10,3.0924678237013315e-14,2.074120606168628e-12,2.4011169941218213e-08,2.174603136451125e-10
FP16 Baseline,Masri,12,L11, هي,0.9676733016967772,1.2910244433835677e-13,3.514888033406827e-13,2.692833803163985e-11,1.0000535149339365e-13,6.417680165071715e-09,3.1592888305453926e-09,1.677699229540863e-10,4.494096779016511e-15,7.1313397895234054e-12,4.6347196303031524e-08,1.200379656784989e-10
FP16 Baseline,Masri,13,L12, هي,0.8809354901313782,1.2699380663814402e-13,1.5759827470818166e-11,3.2871056571126545e-11,6.985232162658174e-13,2.898520179428488e-08,1.7791988327076073e-08,6.470288838045235e-08,6.906973365645996e-13,1.3248496050222158e-11,8.693491508893203e-06,8.815067786827058e-09
FP16 Baseline,Masri,14,L13,thenReturn,0.3553940653800964,5.327008501193956e-14,1.804437502195277e-11,1.0718317726421399e-11,5.220924316110638e-15,2.1752321117674e-06,3.3115764352942285e-08,2.0769149955413013e-07,2.2772625798972435e-11,9.186523070026098e-12,1.8683493181015365e-05,5.016346449338016e-08
FP16 Baseline,Masri,15,L14,thenReturn,0.7009551525115967,9.069831609928928e-14,1.1580364271679412e-11,1.1388721563032611e-11,3.32141502716848e-15,7.751191333227325e-06,4.895648331171287e-09,3.443714149398147e-07,2.073997744378442e-11,1.2489451139963134e-10,4.591746346704895e-06,2.930389939592715e-07
FP16 Baseline,Masri,16,L15, ſhe,0.1879856437444687,1.3127325615425178e-11,1.3278096677726836e-10,1.1535313815258519e-09,2.6107438693551144e-12,2.6041623186756624e-06,6.04744809784563e-10,3.1070680961420294e-07,1.1316159814755976e-11,7.869446760899733e-10,2.3967204469954595e-06,5.524384960153839e-06
FP16 Baseline,Masri,17,L16, automatiques,0.2300863116979599,1.399475313412779e-09,5.354078069785828e-08,5.02921837508552e-09,5.197881361440615e-11,0.0003759667742997,2.773969072222826e-06,5.473812052514404e-06,1.8400483914327023e-10,1.908749709400581e-06,0.0003001124132424,1.794766285456717e-05
FP16 Baseline,Masri,18,L17,:,0.4252769351005554,8.027000938937157e-12,2.2671341193269967e-10,1.7016223499699556e-11,7.282451551515745e-12,3.134931102977134e-05,6.406743580100739e-08,0.0017588390037417,3.4332844900397674e-10,0.000294321362162,0.4252769351005554,0.1505483984947204
FP16 Baseline,Masri,19,L18, what,0.5432304739952087,1.4824934169155313e-06,8.065808576596111e-10,0.0002358303900109,5.443795192405787e-09,6.868663604109315e-06,1.1128130639193046e-09,0.4379648268222809,8.003986917692885e-10,9.361858246847987e-06,0.0149611718952655,0.5432304739952087
FP16 Baseline,Masri,20,L19, what,0.7992566227912903,3.735887958100648e-06,1.1900659346864018e-09,2.605225017759949e-05,2.1977883402080067e-10,0.079701229929924,1.5430530186932854e-09,0.0884581208229065,6.332462554325957e-09,5.766642061644234e-07,0.0257020108401775,0.7992566227912903
FP16 Baseline,Masri,21,L20,?,0.8868055939674377,1.0269869399337496e-08,2.0645020415432924e-11,1.93576443763277e-08,8.629465197973474e-12,3.7740199331892654e-05,3.11198170097754e-13,0.8868055939674377,1.0166492092622548e-09,0.0001042950898408,0.006136767566204,0.1061785891652107
FP16 Baseline,Masri,22,L21,?,0.9941529631614684,3.2334583011106595e-08,9.243282528270667e-11,9.779904663886896e-11,1.359607630473103e-12,3.0195924409781583e-05,3.388835002546276e-12,0.9941529631614684,8.646372506859734e-11,1.6338985005859286e-05,0.0004489657876547,0.0051071587949991
FP16 Baseline,Masri,23,L22,?,0.6957481503486633,0.0014600747963413,4.4701033985461436e-09,9.17179113457678e-06,1.3080241056950823e-10,4.074418029631488e-05,2.2246326308872355e-11,0.6957481503486633,6.8500445316033165e-09,0.0426689870655536,0.0005626094643957,4.744996840599924e-05
FP16 Baseline,Masri,24,L23,..,0.4176398813724518,0.001462580752559,9.061152013600804e-06,3.515697926559369e-06,6.339264473353978e-07,0.0163171775639057,3.709823431563564e-06,0.0230018701404333,8.681472536409274e-05,0.4176398813724518,0.0190515518188476,0.0001946001866599
FP16 Baseline,Masri,25,L24, ؟,0.2778995335102081,0.0004124537517782,0.017810646444559,1.7707781807985157e-05,0.0019451514817774,0.000791082798969,0.0106232818216085,0.0004279569839127,0.2778995335102081,0.0341421701014041,0.1353121846914291,0.0001056107648764
FP16 Baseline,Masri,26,L25, القاهرة,0.2382106184959411,0.0001629212783882,0.2382106184959411,6.072214659980091e-07,0.0335950478911399,6.2515027821064e-07,0.0383663140237331,0.000330510927597,0.0255232285708189,0.0092489095404744,0.0979366824030876,4.329938576574932e-07
Int8 Quantized,EN,0,embed, is,1.0,0.0,0.0,0.0,0.0,0.0,0.0,0.0,0.0,0.0,0.0,0.0
Int8 Quantized,EN,1,L0, is,1.0,0.0,0.0,0.0,0.0,0.0,0.0,0.0,0.0,0.0,0.0,0.0
Int8 Quantized,EN,2,L1,<bos>,0.9311324954032898,0.0,0.0,0.0,0.0,0.0,0.0,4.5271343110387204e-39,0.0,1.6535321879032841e-43,1.2452526475137588e-36,1.195307590069069e-42
Int8 Quantized,EN,3,L2, is,1.0,1.401298464324817e-45,1.1626335137764072e-39,2.6624670822171524e-44,2.6275523296800353e-38,4.3266491384493047e-41,2.903136730348625e-38,8.025651520012556e-35,1.1024661858214468e-37,4.3610664300315864e-39,6.017064004158988e-34,2.0933150134855524e-33
Int8 Quantized,EN,4,L3,<bos>,1.0,0.0,2.382207389352189e-44,0.0,1.095815399102007e-42,2.5083845069753885e-39,9.661392392133884e-41,1.2589063616515294e-38,7.92994800961414e-42,1.3850434021386492e-41,3.233808527831244e-37,1.2400143472255828e-36
Int8 Quantized,EN,5,L4, is,0.9999933242797852,2.5425692663088224e-30,1.802197010291998e-28,4.151309140059581e-32,4.1269246701057566e-27,5.023854679557134e-23,6.8103619194797645e-25,1.7852433812144726e-26,3.364164814900256e-26,3.6509056030183486e-32,1.115746720543779e-24,1.0708382134285292e-20
Int8 Quantized,EN,6,L5,<bos>,0.9999991655349731,1.95056682468468e-39,1.605223129600112e-36,1.5125615623922075e-41,9.847607496742748e-34,1.440872450831158e-30,2.782833000042036e-33,2.028229926355117e-31,1.7416307972775328e-34,3.0367237774844444e-35,5.9722959681662814e-30,1.1484618927985744e-29
Int8 Quantized,EN,7,L6, is,0.9999996423721312,7.80695639341556e-30,9.154499693496516e-28,1.0136030118778885e-30,1.8837138681550587e-26,3.223830414519764e-22,1.853663619594342e-23,1.3223301434150746e-23,1.6132015199076307e-24,3.690917627041808e-27,1.7466665843106605e-21,3.420474227850598e-20
Int8 Quantized,EN,8,L7, is,0.999995231628418,8.281016076598732e-25,2.1480807089191176e-23,7.821603946477744e-26,8.275497994566711e-23,5.16837650964535e-14,7.936179908092601e-17,7.850747412298176e-19,3.418320003966265e-20,8.236288452133606e-23,7.541761332309351e-18,1.147729246482883e-16
Int8 Quantized,EN,9,L8, is,0.9999916553497314,1.9707992088278944e-23,1.8620763793864168e-22,2.6552900297558213e-23,1.6877681339122956e-21,3.1872456605387683e-13,1.4317533432711e-14,1.2350072897573945e-17,6.327000461606686e-20,6.0173976635412415e-21,4.811630478579953e-16,6.845805512399573e-16
Int8 Quantized,EN,10,L9, is,0.9995071887969972,6.3505486942148074e-21,4.034531755579338e-20,1.4351691872133e-20,1.583723490462236e-19,1.6581756800970735e-10,1.2823186956723019e-11,2.348403081427284e-16,1.3465394994367124e-15,2.1931794382927377e-18,8.925727588678449e-14,1.6068132338998425e-13
Int8 Quantized,EN,11,L10, is,0.9981145858764648,9.516647677702374e-20,1.892078250697923e-18,7.609220496202466e-19,9.97138828074884e-19,8.830051967390061e-11,1.240349073450275e-10,3.4618636777350836e-15,5.581346576046236e-15,4.5462934208419916e-18,1.132218125678153e-12,1.1696300395228065e-12
Int8 Quantized,EN,12,L11, is,0.8155563473701477,1.8623806055508907e-16,2.982224071572284e-16,2.626337620129673e-16,3.1479089438366965e-17,2.2911936237157704e-10,1.2755728695523771e-09,2.728627701120267e-15,1.4446717476815365e-13,1.2221986461261948e-17,3.1400473584145e-13,1.2663783867036817e-12
Int8 Quantized,EN,13,L12, is,0.9993818998336792,8.589957237459217e-20,5.884682653454937e-17,4.895962621500433e-19,8.383776912160634e-19,5.799511478693509e-12,3.4249096614313856e-11,1.492788097995357e-12,6.369085353520251e-14,3.4522267059614853e-18,4.7693017070360436e-12,2.4505408119379624e-11
Int8 Quantized,EN,14,L13, is,0.997738242149353,2.398333122591217e-20,2.7381107643603713e-16,2.1305042217735365e-19,5.010105015732684e-20,2.6235062733359623e-11,5.5909502721940285e-11,9.27095206160189e-12,5.6585049247939975e-15,6.419409259100656e-17,2.1640078617934924e-09,2.2845296834828052e-11
Int8 Quantized,EN,15,L14, called,0.5477855205535889,5.198094554720648e-16,1.4033423674422038e-13,9.163013958566257e-16,4.749139034709491e-17,1.0435964981070356e-08,1.0738156142053867e-08,1.6430028171310338e-10,3.2445628215388437e-12,2.360443925823047e-13,2.6181375289979772e-08,3.5205228954282575e-08
Int8 Quantized,EN,16,L15, called,0.963444709777832,5.35184996053972e-17,3.4536783748492917e-15,5.114005888277569e-16,2.1452218472980467e-16,3.601564380062427e-09,4.6506540285484727e-10,2.467419879526034e-10,2.6693875720420167e-14,2.949102550706129e-13,1.5205813497232157e-08,7.71300818769305e-08
Int8 Quantized,EN,17,L16, called,0.8755708336830139,1.6974046866284405e-15,9.423558938390086e-13,2.726678466550398e-15,4.882775952193394e-16,7.559636827636497e-08,8.519520200422903e-09,2.3359141287926373e-09,2.9413635833615635e-14,2.5504856560054634e-10,4.784013526659692e-06,1.3383199757299735e-06
Int8 Quantized,EN,18,L17, called,0.7565954923629761,3.058902117897368e-18,5.52172572683402e-16,2.530653370423704e-17,1.7184768215656528e-17,4.644561402145087e-10,1.189173759463813e-10,3.2917888859174134e-08,2.2590269176900888e-15,3.637445900039893e-10,0.0013136941706761,5.806505669170292e-06
Int8 Quantized,EN,19,L18, called,0.786824107170105,2.2423131060267387e-11,1.4642012103639745e-13,4.3889988865508656e-10,5.674212185183269e-13,1.1941378552648985e-08,1.1656232645762543e-09,3.700667718931072e-07,5.2565011398513287e-14,1.1835202262666655e-10,0.0003868180792778,4.120648372918368e-05
Int8 Quantized,EN,20,L19, called,0.9908133149147034,2.3345216818709824e-12,5.219868066025412e-15,3.2526878326194497e-12,1.0921212952676217e-15,4.3094981805325006e-08,1.5995912927557754e-11,2.92958244330066e-08,9.152485339031886e-16,3.8057251794398894e-11,0.004170327913016,3.4938175303977914e-06
Int8 Quantized,EN,21,L20, called,0.9716529250144958,1.780393574790651e-07,5.697940383408984e-12,6.209003089452382e-08,4.620418197348597e-12,2.5851463192339e-07,4.582619700377322e-11,9.793327990337277e-06,1.204415798865266e-13,6.56267275189748e-07,0.0227525793015956,2.3439844881067984e-05
Int8 Quantized,EN,22,L21,:,0.7270013093948364,3.0081233148848696e-07,3.1241072229182265e-11,5.184140228209344e-09,4.821215041778126e-12,9.421458457836709e-08,4.098118719375599e-11,0.0010629809694364,3.579506347361691e-14,2.4476787530147703e-06,0.7270013093948364,9.4040937256068e-05
Int8 Quantized,EN,23,L22,:,0.6623460054397583,0.0001003876459435,2.2921317621715787e-11,1.360702208330622e-05,1.741269281541058e-11,5.140292191896377e-09,7.709312788845013e-13,0.0092310579493641,5.910095309468681e-15,0.0001309416693402,0.6623460054397583,3.2045682019088417e-06
Int8 Quantized,EN,24,L23, ,0.5070520639419556,3.635897769527219e-07,2.4959477843908284e-13,4.5657962743916876e-08,2.2681823867026774e-13,2.0317205695619123e-09,9.674633463059233e-14,0.0127139603719115,9.962423537152368e-16,2.6891499146586284e-05,0.4040705859661102,1.4827376617176924e-05
Int8 Quantized,EN,25,L24,:,0.5185381770133972,0.0121856657788157,2.331239021269305e-11,0.0002982353325933,3.42305589255687e-12,1.283453343603469e-07,1.61424172639979e-11,0.0037051925901323,4.350460530017086e-12,4.588141564454418e-06,0.5185381770133972,0.000310694129439
Int8 Quantized,EN,26,L25, Cairo,0.961463451385498,0.961463451385498,1.6475728658975344e-13,5.645783312502317e-05,1.4783797287493824e-13,1.7552245212826276e-09,4.9917518442311674e-14,0.0007930219871923,1.3184880975642549e-15,1.611595763506557e-07,0.0217286366969347,3.6405137961992295e-06
Int8 Quantized,MSA,0,embed, هي,1.0,0.0,0.0,0.0,0.0,0.0,0.0,0.0,0.0,0.0,0.0,0.0
Int8 Quantized,MSA,1,L0, هي,1.0,0.0,0.0,0.0,0.0,0.0,0.0,0.0,0.0,0.0,0.0,0.0
Int8 Quantized,MSA,2,L1, هي,1.0,0.0,0.0,0.0,0.0,0.0,0.0,0.0,0.0,0.0,0.0,0.0
Int8 Quantized,MSA,3,L2, هي,1.0,0.0,0.0,0.0,0.0,0.0,0.0,0.0,0.0,0.0,0.0,0.0
Int8 Quantized,MSA,4,L3,<bos>,0.9994755387306212,3.874872755628527e-38,4.871820158151421e-37,2.558938479049572e-37,4.260894609309328e-39,2.942726775082116e-44,3.5999357548504545e-41,7.924044339183941e-39,7.230139556530325e-41,4.1338304697582096e-43,1.2451683678189203e-37,8.039928919586672e-39
Int8 Quantized,MSA,5,L4, هي,0.999784767627716,1.483954348129134e-27,1.7412571442518103e-27,2.1015591552828022e-27,1.5518388166222282e-29,3.5307034674871727e-35,1.2079319763739064e-30,4.354293915982597e-31,3.11599395994079e-32,9.639821364093452e-36,1.895480390113366e-28,9.423124429909135e-29
Int8 Quantized,MSA,6,L5,<bos>,1.0,2.059628482864616e-41,2.6915462674294353e-38,1.4077444372607112e-41,9.718004850092605e-42,2.802596928649634e-45,9.949219096706201e-44,8.365751832019158e-43,1.401298464324817e-45,0.0,1.9308631669778087e-40,4.634948813585408e-40
Int8 Quantized,MSA,7,L6, هي,0.999988317489624,4.919190596271004e-21,2.0665680718080746e-18,9.863286114445817e-20,1.063131458903078e-21,3.1437123125903245e-23,1.1696103640333232e-20,6.455696860417705e-23,7.948583306934813e-23,3.99401878687112e-26,4.384897351840671e-19,7.248112731840909e-19
Int8 Quantized,MSA,8,L7, هي,0.9998352527618408,3.0075633268871924e-16,1.625511452329163e-14,1.6339688010217897e-15,2.257076518449917e-16,1.437304373690931e-15,8.182593057987075e-13,4.494644279937792e-16,4.3764628020655243e-16,2.8143786366351075e-19,6.703809599453714e-13,7.925756405346984e-14
Int8 Quantized,MSA,9,L8, هي,0.9804857969284058,1.2544253016975176e-13,1.0989437983742468e-13,2.4593656104687778e-12,4.266629892679631e-15,1.1216738475539056e-11,4.972117717549907e-10,1.010582879857301e-13,5.813445462055176e-15,8.14831600100999e-17,6.3510646394759895e-12,2.100438556808596e-13
Int8 Quantized,MSA,10,L9, هي,0.5640375018119812,4.257300892027138e-13,3.051290502816689e-13,1.7883108188732066e-11,1.7245685673787647e-14,4.956917654119762e-10,4.516464713333335e-08,2.3186144844367096e-12,5.721603204243697e-14,2.0630583491012232e-14,4.814144638487505e-09,3.997246110498676e-12
Int8 Quantized,MSA,11,L10, هي,0.744179904460907,5.6767389183462475e-14,6.001334818634893e-14,1.9666119427386164e-11,3.0969078857075432e-15,3.9349160041446396e-10,1.4093311406782051e-08,8.017148143274477e-13,1.1416516739132592e-14,2.3492423216714235e-14,2.1475792255643e-09,1.2666801635363711e-11
Int8 Quantized,MSA,12,L11, هي,0.6310936212539673,7.315252326415765e-14,1.3369435902322103e-14,2.884231265279369e-12,2.3182311325713757e-15,9.257440369836443e-10,8.932598660749136e-09,9.832807718003143e-14,1.5072131792013806e-15,2.0755068535138407e-14,6.288305987034447e-10,3.668492159353276e-12
Int8 Quantized,MSA,13,L12, suivantes,0.2394860237836837,7.171632808011115e-14,6.426087960365034e-13,3.4730688377310197e-12,1.0571502271391595e-14,9.147099189199535e-10,1.9336296119831783e-08,8.018573305346166e-11,5.28216630591577e-13,1.1741583420333322e-14,9.319067295621153e-09,3.680733842714723e-11
Int8 Quantized,MSA,14,L13, invokingState,0.984710156917572,1.9443497043923635e-16,3.497460703211566e-14,1.4833012273421552e-14,6.290573314435623e-18,1.212426714580772e-09,9.931824251907526e-10,2.388631284953868e-13,9.917796293425209e-14,3.609756967049554e-17,7.936935136898525e-11,3.0177871920139547e-12
Int8 Quantized,MSA,15,L14, invokingState,0.7277020812034607,9.286123844702564e-15,4.4711570600444733e-13,1.5674565595133474e-13,5.7045882287454e-17,1.2990962083847536e-08,7.985624383977096e-10,3.59993285181659e-13,3.610963253668914e-13,1.865674769622322e-15,5.848726364332535e-11,6.57769325118629e-11
Int8 Quantized,MSA,16,L15, ſhe,0.5475695729255676,3.733124920302089e-12,4.971235229023208e-12,3.080248209275105e-11,1.487899294874348e-13,4.256131802549135e-08,1.3431536438623937e-10,1.2443541206122457e-12,1.1279878127466033e-13,5.025331957205295e-14,6.450021627912861e-10,5.644597012022246e-10
Int8 Quantized,MSA,17,L16,nicity,0.6216328144073486,1.1623897677726092e-10,2.6873514524794473e-09,8.321593414351014e-11,9.715381710934112e-13,8.865986274031457e-06,1.2956505770489455e-06,3.775853241183569e-10,7.775449034630455e-11,2.9704980142319926e-10,2.610108822409529e-07,1.9021687336362447e-08
Int8 Quantized,MSA,18,L17,nicity,0.9237651824951172,1.1473093308733697e-11,4.189653138308991e-11,7.765793216818473e-12,1.9283194832575568e-12,1.54185345309088e-05,4.0462899164595e-07,5.647632406180492e-07,3.769576872869607e-10,3.639895282958605e-07,0.0073216538876295,0.000295484176604
Int8 Quantized,MSA,19,L18,ofition,0.4671528041362762,0.0020767117384821,8.68006964083179e-08,0.0767535343766212,5.526284780899005e-07,0.000150659616338,2.007324837904889e-06,0.0003092581755481,2.5648843049452807e-08,1.435046556252928e-06,0.0113482354208827,0.018594916909933
Int8 Quantized,MSA,20,L19, capital,0.3759267926216125,0.0002361099031986,8.563378450787695e-09,0.0003466376801952,2.619620298460745e-09,0.3759267926216125,6.275872124206217e-07,1.0139829100808129e-05,3.526021075117569e-08,2.7349498665785177e-08,0.015864934772253,0.0130239790305495
Int8 Quantized,MSA,21,L20,بوابة,0.987682282924652,3.210698923794553e-05,1.2353239542406411e-09,7.751330485916696e-06,8.01828492491552e-10,0.0005477124941535,4.358684524419232e-10,6.147343810880557e-05,4.8746775505037485e-09,5.706317097065039e-06,0.0071907648816704,0.0004404369101393
Int8 Quantized,MSA,22,L21, capital,0.3494721055030823,0.0337392836809158,3.930507318727905e-06,1.0138124707737006e-05,8.18299454863336e-08,0.3494721055030823,7.120378995750798e-06,0.0261738374829292,6.728984658366245e-08,0.0002607572241686,0.2674700915813446,0.0031105671077966
Int8 Quantized,MSA,23,L22, Cairo,0.9737970232963562,0.9737970232963562,3.62044630719538e-07,0.0005718570319004,8.912401483485155e-09,0.0002928541507571,2.4633052930767008e-08,0.0007694663945585,5.1290629521361106e-09,0.0007354184053838,0.0022117276675999,1.776504916506383e-07
Int8 Quantized,MSA,24,L23, Cairo,0.2092193067073822,0.2092193067073822,0.0003417245461605,3.832931906799786e-05,1.7030963135766797e-05,0.1513249278068542,0.0019423814956098,0.0015816877130419,0.0008691209950484,0.0742001160979271,0.2023843228816986,1.2882265764346812e-05
Int8 Quantized,MSA,25,L24,:,0.2343018501996994,0.0009012420196086,0.0354894809424877,3.252845317547326e-06,0.002142964862287,0.0005871175089851,0.1839208900928497,1.1454078048700468e-05,0.0922719985246658,0.0032639594282954,0.2343018501996994,2.287639063069946e-06
Int8 Quantized,MSA,26,L25, القاهرة,0.3087540566921234,7.609816384501755e-05,0.3087540566921234,1.71680145655273e-08,0.0092102233320474,3.501995990973228e-07,0.2302527427673339,4.014147270936519e-05,0.0007562887039966,0.0035759506281465,0.1150661706924438,2.6065842817502016e-08
Int8 Quantized,Masri,0,embed, هي,1.0,0.0,0.0,0.0,0.0,0.0,0.0,0.0,0.0,0.0,0.0,0.0
Int8 Quantized,Masri,1,L0, هي,1.0,0.0,0.0,0.0,0.0,0.0,0.0,0.0,0.0,0.0,0.0,0.0
Int8 Quantized,Masri,2,L1, هي,1.0,0.0,0.0,0.0,0.0,0.0,0.0,0.0,0.0,0.0,0.0,0.0
Int8 Quantized,Masri,3,L2, هي,1.0,0.0,0.0,0.0,0.0,0.0,0.0,0.0,0.0,0.0,0.0,0.0
Int8 Quantized,Masri,4,L3,<bos>,0.9970533847808838,2.382765397611071e-36,1.4673425066600947e-34,2.890559549743088e-35,3.471175932053628e-37,3.3911422836660573e-43,2.744989548781241e-40,2.1588311655689486e-38,5.617160946184602e-40,7.246114359023629e-42,3.194491343934727e-38,4.39752541347639e-39
Int8 Quantized,Masri,5,L4, هي,1.0,1.7736011501080914e-25,6.521852067132317e-26,3.478044097250621e-25,1.811832847063881e-27,8.841703001610538e-34,2.905608189300393e-30,1.7061970188272922e-31,1.1880770774523594e-31,8.560906386777568e-36,5.343439065775808e-29,1.7346416170225577e-29
Int8 Quantized,Masri,6,L5,<bos>,1.0,7.959235147518527e-41,6.298699830409935e-38,9.611926556343218e-41,6.598854598351995e-41,0.0,1.2611686178923354e-44,1.4069036581821165e-42,0.0,1.401298464324817e-45,1.7402165109064171e-40,4.593596495903183e-41
Int8 Quantized,Masri,7,L6, هي,0.9999960660934448,7.220044684199395e-20,1.2330543990492181e-17,2.9233363144866647e-18,8.45713917294705e-20,8.15690758805175e-23,1.9064118819214862e-20,2.562725091137188e-21,2.1396765319336917e-22,5.520163441519403e-24,2.728470139757188e-17,6.846817948382113e-19
Int8 Quantized,Masri,8,L7, هي,0.9999300241470336,2.7422209917369223e-16,1.7244986024573215e-14,2.1580442849931412e-14,3.894600740267807e-15,4.932861539760133e-15,1.0711199722318598e-12,1.4714281971139022e-14,5.556090779946412e-17,3.7504726315178904e-17,3.919571264776599e-12,1.4156039825053387e-14
Int8 Quantized,Masri,9,L8, هي,0.9991990923881532,4.392476034048749e-14,1.6530365672205033e-13,6.74658245936044e-12,3.442877222464141e-14,4.0331373657442875e-11,4.5124928793605074e-10,3.7015074165480666e-12,9.085291274117386e-16,7.0480235112491035e-15,2.1871324196176542e-10,2.671408558772848e-13
Int8 Quantized,Masri,10,L9, هي,0.9784946441650392,3.9239651025008154e-13,1.3987093818237928e-12,3.161187284161926e-11,2.318420520668052e-13,1.2519328906890335e-09,6.739909252928555e-08,2.7199223429086317e-10,2.4106274769853005e-14,1.0396584851704582e-12,6.864208756951484e-08,1.8291885367505145e-11
Int8 Quantized,Masri,11,L10, هي,0.9277933239936828,4.6016132121103406e-14,8.490068999396362e-13,4.2686392615065565e-11,3.039207069604338e-14,8.384722360865736e-10,2.7666365198797397e-08,1.6352352805171222e-10,4.1992806936808416e-14,2.019282744486484e-12,2.2476214667221942e-08,2.202872745327156e-10
Int8 Quantized,Masri,12,L11, هي,0.965074062347412,1.5130695904096852e-13,4.464709309724702e-13,2.866653268929209e-11,1.0937318352432017e-13,7.904696452953885e-09,4.419230315022561e-09,1.5395867913881034e-10,5.6271905402504804e-15,8.450906641144229e-12,5.301238559241028e-08,1.2328128795591198e-10
Int8 Quantized,Masri,13,L12, هي,0.8391879796981812,1.720311583073772e-13,2.032219705017102e-11,3.572981840949119e-11,7.36090984172766e-13,5.994319707269824e-08,2.5515419110888612e-08,8.089133984867659e-08,1.258283408023253e-12,2.1604495969995696e-11,1.0721861144702416e-05,9.882053397802792e-09
Int8 Quantized,Masri,14,L13,thenReturn,0.3020616471767425,4.013917019943247e-14,1.7876989819032296e-11,7.020292333570488e-12,3.554083331076211e-15,1.929021891555749e-06,2.8609976610027843e-08,2.437292891954712e-07,2.4445574037246228e-11,1.0289395203921804e-11,1.8661798094399277e-05,5.0559826547669224e-08
Int8 Quantized,Masri,15,L14,thenReturn,0.7506579756736755,4.737109345737643e-14,6.098361832879151e-12,4.810611544531218e-12,1.8437264518930685e-15,3.2064847346191527e-06,4.088680505276443e-09,2.600071695724182e-07,1.153992439800744e-11,1.2696345363938375e-10,2.8931840461154934e-06,1.8643235932813693e-07
Int8 Quantized,Masri,16,L15, ſhe,0.2700363993644714,1.0483307798236918e-11,9.767385511505465e-11,8.524129735398843e-10,2.3749090801578054e-12,1.5015222061265376e-06,6.87811863020471e-10,2.191457753042414e-07,9.085465019209592e-12,8.352802893796252e-10,1.5326609172916503e-06,3.522127599353553e-06
Int8 Quantized,Masri,17,L16, ibunya,0.1628556102514267,1.97112770550234e-09,6.617889170001946e-08,6.113322292833345e-09,7.797008871879285e-11,0.0003403006703592,3.725859187397873e-06,6.8232902776799165e-06,1.8692282444110475e-10,3.167099521306227e-06,0.0005613151588477,2.1178015231271274e-05
Int8 Quantized,Masri,18,L17, mainly,0.5283392071723938,6.917892474145315e-12,1.4715353935379483e-10,1.7248601852370982e-11,8.547329510832924e-12,2.276894338137936e-05,5.7428081845500856e-08,0.0007790498784743,2.145686961441129e-10,0.0001882638025563,0.3114191591739654,0.0728714913129806
Int8 Quantized,Masri,19,L18, what,0.5698726177215576,3.09610845761199e-06,1.357795986756116e-09,0.0005377550260163,1.1677021127809441e-08,1.3947304978501052e-05,3.0012876628404683e-09,0.4010854959487915,1.3920089525498722e-09,1.201672694151057e-05,0.0216342881321907,0.5698726177215576
Int8 Quantized,Masri,20,L19, what,0.7424627542495728,6.124248102423735e-06,1.571187069338009e-09,4.973219984094612e-05,3.7001715580409206e-10,0.1601104140281677,3.825997740847242e-09,0.0610709600150585,9.601823336424786e-09,5.59739419259131e-07,0.0243711527436971,0.7424627542495728
Int8 Quantized,Masri,21,L20,?,0.8466881513595581,5.1409131174295914e-08,5.21620802107492e-11,1.1831729551659009e-07,3.499532608142175e-11,0.0001389081444358,1.6450251534225189e-12,0.8466881513595581,2.7308062477970907e-09,0.0002207085053669,0.0100460341200232,0.1414334625005722
Int8 Quantized,Masri,22,L21,?,0.9926201701164246,1.2170958996193806e-07,2.1729433530293107e-10,4.4041001401318164e-10,5.0667629813982976e-12,9.143589704763144e-05,1.780509593929391e-11,0.9926201701164246,1.950896111324596e-10,3.225547698093578e-05,0.0007749950163997,0.0060673304833471
Int8 Quantized,Masri,23,L22,?,0.5378050804138184,0.0028363885357975,6.315846512450207e-09,2.139864955097437e-05,2.6346938519772323e-10,5.834578405483626e-05,5.5736346094015226e-11,0.5378050804138184,9.909799203455805e-09,0.0710024237632751,0.0006115253781899,3.879083669744432e-05
Int8 Quantized,Masri,24,L23,..,0.4438333213329315,0.0012926057679578,7.168552201619605e-06,3.6557173643814167e-06,6.320933039205556e-07,0.0137468166649341,4.926685960526811e-06,0.0169983804225921,9.550726099405438e-05,0.4438333213329315,0.0159002393484115,0.0001145869609899
Int8 Quantized,Masri,25,L24, ؟,0.3336690962314605,0.0005240135360509,0.0155567862093448,2.285054506501183e-05,0.0022886684164404,0.0007417134474962,0.0155704412609338,0.0003764051070902,0.3336690962314605,0.0389391556382179,0.1127894297242164,8.386214904021472e-05
Int8 Quantized,Masri,26,L25, القاهرة,0.2215367555618286,0.0001934707106556,0.2215367555618286,6.473081270996772e-07,0.0344315841794014,6.671194228147215e-07,0.0546545982360839,0.0003447725321166,0.0244732294231653,0.0088988253846764,0.0915321931242942,3.633244887168985e-07
Int4 Quantized,EN,0,embed, is,1.0,0.0,0.0,0.0,0.0,0.0,0.0,0.0,0.0,0.0,0.0,0.0
Int4 Quantized,EN,1,L0, is,1.0,0.0,0.0,0.0,0.0,0.0,0.0,0.0,0.0,0.0,0.0,0.0
Int4 Quantized,EN,2,L1,<bos>,0.9843372702598572,0.0,0.0,0.0,0.0,0.0,0.0,7.063777402845684e-40,0.0,5.74532370373175e-44,9.839395412421363e-38,9.556855526695252e-43
Int4 Quantized,EN,3,L2, is,1.0,0.0,2.6743641061792697e-40,9.809089250273721e-45,3.7884972788069304e-39,7.655433640452907e-41,3.58451250343271e-38,4.0460019069652027e-35,4.608719308930176e-38,1.9072148540938628e-39,8.962761011823483e-35,1.0892835032974848e-33
Int4 Quantized,EN,4,L3,<bos>,1.0,0.0,1.1210387714598537e-44,0.0,2.3401684354224445e-43,3.440582896084365e-39,4.320343295359844e-41,1.0025931779837199e-38,9.303220504652459e-42,7.272739029845799e-42,1.0967028133934946e-37,2.0766967017340498e-36
Int4 Quantized,EN,5,L4, is,0.9999817609786988,8.309426249691498e-30,9.163524601215914e-28,1.208423003874132e-31,8.454858648507209e-27,7.6142015775184545e-22,3.743906246047239e-24,1.1753649081077605e-25,3.830161875145915e-24,1.2337996934691183e-31,1.550840487628099e-24,2.526832302641834e-19
Int4 Quantized,EN,6,L5,<bos>,1.0,6.572089797683392e-43,1.4433808585069557e-39,7.006492321624085e-45,8.607499807344898e-37,1.0202469037446843e-33,4.192194976792072e-36,7.97213151476723e-35,3.2833053042920024e-37,1.7882569458991722e-38,5.28968380374e-33,2.4961654865805923e-32
Int4 Quantized,EN,7,L6, is,0.9999997615814208,5.091352854032928e-31,7.467977526412438e-29,1.9771852596650102e-31,1.8787255940432988e-27,1.3798144060240935e-22,1.7293665144049218e-24,5.7784830446821705e-25,1.0235175038700752e-25,4.676018275051241e-28,3.074230075147182e-22,9.241937926657961e-21
Int4 Quantized,EN,8,L7, is,0.999997854232788,4.609599306838141e-26,1.41730378992171e-23,4.872792270806234e-27,4.88141369466154e-24,6.380840646168836e-15,1.903524982809585e-18,1.069508601373207e-19,5.06502358839574e-21,2.3130947908454302e-23,6.22686055493434e-19,4.5473741323122914e-17
Int4 Quantized,EN,9,L8, is,0.9999942779541016,8.24029902097575e-24,8.117625470415365e-23,1.223952325444139e-23,1.7961508317749903e-22,2.668553312351607e-12,1.4564546239580482e-15,8.448163617065996e-19,2.383303800160754e-20,3.773438011340657e-21,1.1900609422492233e-17,1.5999381935746639e-15
Int4 Quantized,EN,10,L9, is,0.998748540878296,6.2674933791453045e-21,7.501411462029014e-20,2.2931047626819612e-20,2.214395296223273e-20,1.8936028300942102e-09,3.341358873615308e-12,4.7170679188718305e-17,2.017119601910181e-15,5.155074363443255e-18,4.440806971689427e-15,1.0983947041839914e-12
Int4 Quantized,EN,11,L10, is,0.9575074911117554,1.4167873017601597e-18,1.5509644757175394e-17,1.2104893255290779e-17,1.369211595238866e-18,6.603763091916902e-10,5.0882655727724207e-11,6.874056072893754e-15,3.6461857974090864e-14,3.359922283151183e-17,2.3805976179062943e-13,4.336844425245623e-11
Int4 Quantized,EN,12,L11, is,0.8739033341407776,3.904341791214799e-17,2.638960793323926e-16,2.2197791431532483e-16,2.162525076049227e-17,2.276135530054901e-10,1.9834071884883286e-10,3.900535053096271e-15,1.860295636068807e-13,1.732224067037917e-17,1.091610796980641e-13,4.1114184973212176e-11
Int4 Quantized,EN,13,L12, is,0.999796450138092,3.9529453929164884e-22,2.8336612506894847e-18,8.945460723923754e-21,3.975739570424705e-20,1.213656887662229e-12,2.6648518461347415e-12,4.043154225590213e-14,1.0747876130350097e-15,7.33785200553314e-19,7.319953562560932e-13,5.8121542301226015e-11
Int4 Quantized,EN,14,L13, is,0.999858856201172,1.9007938777185e-25,5.824954174810136e-20,1.3682155001447031e-22,3.1483214690873504e-23,7.530719212285597e-13,1.2970183195688822e-13,1.4768912546918314e-13,2.4796790269196136e-18,4.256692525303501e-18,1.9501429637802656e-10,3.749042309236783e-12
Int4 Quantized,EN,15,L14, is,0.959572434425354,4.1828222980727946e-19,4.53813148084542e-16,5.306640321442572e-18,4.502070070548221e-19,8.343592838855329e-08,5.933899899224215e-11,8.451562366618148e-12,4.400289150657518e-15,6.189931786538748e-14,3.685282079501917e-09,1.35766811126814e-08
Int4 Quantized,EN,16,L15, called,0.7519955635070801,2.226364394184232e-17,1.4015810979536598e-14,1.290849094857992e-15,3.307545339113223e-16,1.8316034129384209e-06,1.3243666163731403e-09,2.494504380834428e-09,1.2921190810019636e-13,4.426601446505529e-12,7.484341324470735e-08,3.07774598695687e-06
Int4 Quantized,EN,17,L16, also,0.2475880831480026,3.050406518057111e-17,8.189695937469572e-14,3.608216624400082e-16,2.9166886030476273e-16,2.013781795540126e-06,3.0841167397710482e-09,1.3999740922088222e-08,5.652560871086641e-15,1.575528152386596e-09,1.4272805856307968e-05,8.17683667264646e-06
Int4 Quantized,EN,18,L17, a,0.3351137042045593,2.2424737159341872e-20,3.369903044422248e-17,2.3645452050244297e-18,3.700759324857637e-18,1.3575085500150406e-09,7.665286808067329e-12,2.3451720565503823e-08,1.292619261368855e-16,2.9252206212859733e-10,0.0003577577590476,1.2445302672858816e-05
Int4 Quantized,EN,19,L18, called,0.4691734910011291,1.0415216052887116e-13,2.2461191943651173e-15,2.1607850925198235e-11,5.968226672418976e-14,2.9360541020651e-07,4.709717060791263e-10,2.024089980068311e-07,5.066479293123604e-15,3.1403157851883634e-11,0.0003129139950033,0.0001172127886093
Int4 Quantized,EN,20,L19, called,0.7983915209770203,1.0720269209016712e-13,3.1732647295289658e-15,7.619973445630035e-13,1.4732583812030345e-15,4.007179995824117e-06,8.49328107843661e-11,3.88391008243616e-08,5.448172032672415e-16,7.408084562454674e-11,0.0080747986212372,2.998877243953757e-05
Int4 Quantized,EN,21,L20, called,0.9172333478927612,5.224639609835434e-10,2.279175112529508e-13,1.6037131622681502e-09,5.860446134452191e-13,2.3316620172408875e-06,4.324986549453236e-11,7.778723556839395e-06,1.17796270581263e-14,1.5082959237133764e-07,0.0325643345713615,1.528972825326491e-05
Int4 Quantized,EN,22,L21, called,0.5747811198234558,9.394000022311386e-10,6.254414304171507e-13,9.674536172177284e-11,1.93924276593524e-13,7.171030915742449e-07,8.376298786527679e-12,0.000155004512635,1.7265771366065889e-15,5.2202636879883364e-08,0.3075689673423767,0.0001422490895492
Int4 Quantized,EN,23,L22,:,0.6010067462921143,6.0557226788660046e-06,3.4882950694647974e-11,3.5434395613265224e-06,1.1167605902528964e-11,4.961320314578188e-07,5.750203264931475e-12,0.0043951431289315,2.630157749309702e-14,4.703025842900388e-05,0.6010067462921143,0.0001110894736484
Int4 Quantized,EN,24,L23, the,0.5233907699584961,6.039836186744196e-09,4.485811949759416e-14,4.6919210738849415e-09,1.6120565033686182e-14,1.1608170069621337e-07,3.7173369037916265e-14,0.0004181919794064,3.390834882910126e-16,1.3730600585404318e-06,0.0634833648800849,4.065130269736983e-05
Int4 Quantized,EN,25,L24, the,0.7520595192909241,6.0278980527073145e-05,6.733409402964742e-13,8.189067557395902e-06,8.311824535936486e-14,8.104286735033384e-07,1.0107601604650296e-12,0.0001449917326681,4.6044917688782896e-14,2.370541380969371e-07,0.1006635054945945,0.0001903504453366
Int4 Quantized,EN,26,L25, Cairo,0.6903831362724304,0.6903831362724304,5.227736917402109e-14,0.0002524955198168,5.1360191734338776e-14,4.0278841595409176e-08,8.655451911297221e-15,0.0009987496305257,1.3854805421675283e-16,1.136691949454871e-07,0.1444209814071655,1.5428433471242897e-05
Int4 Quantized,MSA,0,embed, هي,1.0,0.0,0.0,0.0,0.0,0.0,0.0,0.0,0.0,0.0,0.0,0.0
Int4 Quantized,MSA,1,L0, هي,1.0,0.0,0.0,0.0,0.0,0.0,0.0,0.0,0.0,0.0,0.0,0.0
Int4 Quantized,MSA,2,L1, هي,1.0,0.0,0.0,0.0,0.0,0.0,0.0,0.0,0.0,0.0,0.0,0.0
Int4 Quantized,MSA,3,L2, هي,1.0,0.0,0.0,0.0,0.0,0.0,0.0,0.0,0.0,0.0,0.0,0.0
Int4 Quantized,MSA,4,L3,<bos>,0.9691978693008424,4.939357094096469e-36,1.2192239747123562e-35,4.92241244060458e-35,2.718992099151701e-37,5.4370380415802894e-43,2.315239335742106e-40,6.914530708604305e-39,3.2171752832155236e-39,2.4466671187111306e-42,9.117633657076052e-38,4.5993132331182413e-38
Int4 Quantized,MSA,5,L4, هي,0.9957503080368042,2.4215399740353007e-26,1.6609805323098616e-27,2.304681170208892e-26,4.122095545214952e-29,7.437322050158585e-36,2.306029569208675e-31,1.0667762578609928e-32,2.810486387095695e-31,8.032553101041792e-37,1.4219243282518354e-30,1.9814128263562168e-29
Int4 Quantized,MSA,6,L5,<bos>,1.0,1.1210387714598537e-44,4.097396709685765e-42,7.006492321624085e-45,4.203895392974451e-45,0.0,0.0,0.0,0.0,0.0,0.0,3.643376007244525e-44
Int4 Quantized,MSA,7,L6, هي,0.9998708963394164,1.86911201396774e-20,1.790856572730115e-18,1.1321925032888405e-18,5.927844457019223e-21,2.1816689863137993e-24,9.9732324330725e-22,2.395445755678488e-24,1.666992308148273e-23,6.3929769241596886e-27,2.481731507588602e-20,4.918449009464806e-19
Int4 Quantized,MSA,8,L7, هي,0.9999624490737916,2.400129530631532e-16,8.075119145947197e-15,2.4912704345747727e-15,1.7490329064805864e-16,1.8879263251466924e-16,4.6368172566509456e-14,1.2709016343862757e-17,9.238858016582346e-18,5.3366222840757744e-20,1.6574000405076252e-14,4.9654193686702206e-15
Int4 Quantized,MSA,9,L8, هي,0.9875255823135376,1.4907580649526494e-13,1.3114579951525873e-13,6.090366492378374e-12,9.907862968646168e-15,9.03529421419913e-12,7.009624825027315e-11,4.468464714999648e-15,6.6227033868398945e-16,5.5078019610190354e-17,1.9264375251265567e-13,3.573667512087042e-13
Int4 Quantized,MSA,10,L9, هي,0.5468491911888123,9.551350595854437e-13,3.9221626163890577e-13,1.512078795506966e-10,1.5647349748911833e-14,1.1193097559925036e-09,1.734468568770353e-08,5.395077830663841e-13,2.452661148179616e-14,3.0713428219968086e-14,5.312081330366425e-10,1.0865588810637927e-11
Int4 Quantized,MSA,11,L10, verdient,0.5734502673149109,9.113310827551028e-14,4.9004498240334474e-14,3.6290859206644654e-10,2.537731885797565e-14,1.060021626031471e-09,8.246821003865534e-09,5.307138192453542e-13,1.546692431960838e-15,6.653275749345795e-14,4.18973911120446e-10,7.695515752415004e-11
Int4 Quantized,MSA,12,L11, verdient,0.8119281530380249,3.2856120032792244e-14,1.8522626805289082e-14,5.0181157840167856e-11,2.4053504617239065e-14,2.8418609132607737e-10,2.977667001857753e-09,4.627776365785132e-14,1.928440546288576e-15,1.1576670340667644e-14,1.0625964691479696e-10,1.9895725691942975e-11
Int4 Quantized,MSA,13,L12,yaitu,0.3205184042453766,5.620699557369081e-14,4.4860634846634334e-13,1.9659242983527392e-11,4.460142108073106e-14,1.4772821854691642e-10,6.205031155559482e-09,6.238677109637879e-12,2.5538355067841745e-13,4.2345993417792094e-15,5.558863369614642e-10,1.3082204763925629e-10
Int4 Quantized,MSA,14,L13,thenReturn,0.3760315477848053,1.2105476186012056e-15,1.309827084034626e-13,1.2472623845197206e-12,6.36673902990471e-16,2.9138600421418914e-09,2.394491893653594e-08,2.4595928592441307e-12,1.2441213424058128e-12,4.772070334174033e-16,5.781044531971702e-10,3.4631711387511643e-10
Int4 Quantized,MSA,15,L14,thenReturn,0.8874430656433105,2.105050515681124e-15,2.8002694089858567e-14,1.5362080910737846e-13,3.1708354125664606e-17,5.860584018080317e-09,2.4830223988026034e-10,5.187306340763768e-14,2.115219349500819e-13,2.79345430894719e-16,5.490913713296353e-12,8.481575858310109e-11
Int4 Quantized,MSA,16,L15,^(@),0.4670208394527435,2.1232037869934987e-14,1.8591888689386063e-14,2.0399548478385046e-13,2.0721949017505167e-16,1.5733174485443868e-10,6.046152619364198e-13,5.775986488754038e-16,7.578042943048695e-15,8.237682443720627e-18,1.831895637786907e-13,2.023115832847089e-12
Int4 Quantized,MSA,17,L16,nicity,0.4408742189407348,3.236974707374052e-12,5.5260195724882166e-11,1.89830789976142e-12,4.251330783586324e-15,3.2184475458052475e-06,1.558230877662936e-07,2.1125033146385253e-12,1.3794894046514903e-11,1.1473570574530025e-12,5.223268484400022e-10,7.886020170211339e-10
Int4 Quantized,MSA,18,L17,nicity,0.9250776767730712,6.994089769146728e-12,2.2417017894738045e-11,9.255825272891371e-12,3.455139820085496e-13,3.700135130202398e-05,3.241516708385461e-07,6.492468429541988e-08,2.2651575060095294e-10,2.5317781648936943e-08,0.0004858509346377,0.0001839448668761
Int4 Quantized,MSA,19,L18, what,0.368040919303894,4.388298111734912e-05,1.7975038346662586e-08,0.0052579287439584,2.0862350069705823e-08,0.0013438895111903,2.6653317490854533e-06,0.0001879187329905,7.703292226324265e-08,1.6598443153270637e-07,0.007216116413474,0.368040919303894
Int4 Quantized,MSA,20,L19, capital,0.9398813247680664,2.091687463234848e-07,6.662802948254054e-11,1.493869632440692e-07,1.7147881422110989e-12,0.9398813247680664,5.4715730612997504e-08,1.4150979055216341e-08,6.11174499898226e-10,2.824024174230555e-11,3.879480573232286e-05,0.0020478181540966
Int4 Quantized,MSA,21,L20,بوابة,0.9709279537200928,4.5565375472733656e-08,1.7865119106286187e-11,6.740599189924977e-09,1.9875457616530534e-12,0.0273239687085151,3.454340979924808e-11,2.940828153441544e-06,2.667410736734155e-10,1.8812144730873115e-08,0.00055129599059,0.0009819386759772
Int4 Quantized,MSA,22,L21, capital,0.9952784776687622,1.095671541406773e-05,6.078782366358837e-09,4.811838705265359e-10,2.0142219489538427e-11,0.9952784776687622,1.675588521266036e-07,2.924631371570285e-05,3.4442684815338964e-10,2.532681087075161e-08,0.0011085426667705,0.0005449030431918
Int4 Quantized,MSA,23,L22, Cairo,0.6997241377830505,0.6997241377830505,8.028544016269734e-07,3.4540880733402446e-05,2.04199124276272e-09,0.2654212713241577,5.190736374061089e-07,0.0001518012722954,4.7080511933472735e-08,9.455838153371587e-06,0.0010484551312401,9.456045518163592e-06
Int4 Quantized,MSA,24,L23, capital,0.9643052220344543,0.0009817384416237,3.3147784961329307e-06,8.647606364320383e-08,3.4980633500936165e-08,0.9643052220344543,0.0002796585904434,6.590045700249902e-07,1.3134668733982837e-05,1.191076444229111e-05,0.0004974012845195,2.565975592005998e-06
Int4 Quantized,MSA,25,L24, مدينة,0.3124739229679107,4.479748531593941e-05,0.0044279168359935,1.5659561825032142e-07,0.0002215428394265,0.0224678460508584,0.3124739229679107,2.451060709063313e-06,0.0094271525740623,0.0001825699728215,0.1451235711574554,4.657356839743443e-05
Int4 Quantized,MSA,26,L25, مدينة,0.4293834269046783,1.2023241652059369e-05,0.1296485215425491,5.2102353542693444e-09,0.0098943477496504,5.455897280626232e-07,0.4293834269046783,1.3201786714489572e-05,0.0005020328098908,0.0006562295020557,0.1265121847391128,6.595677177756443e-07
Int4 Quantized,Masri,0,embed, هي,1.0,0.0,0.0,0.0,0.0,0.0,0.0,0.0,0.0,0.0,0.0,0.0
Int4 Quantized,Masri,1,L0, هي,1.0,0.0,0.0,0.0,0.0,0.0,0.0,0.0,0.0,0.0,0.0,0.0
Int4 Quantized,Masri,2,L1, هي,1.0,0.0,0.0,0.0,0.0,0.0,0.0,0.0,0.0,0.0,0.0,0.0
Int4 Quantized,Masri,3,L2, هي,1.0,0.0,0.0,2.802596928649634e-45,0.0,0.0,0.0,0.0,0.0,0.0,0.0,0.0
Int4 Quantized,Masri,4,L3,<bos>,0.9976186156272888,4.97977906170226e-36,2.90571154565138e-35,7.866129245383167e-35,3.0074299940622185e-37,6.025583396596713e-44,1.505414940224151e-41,2.037487967128284e-40,2.5337297922996315e-40,3.3631163143795614e-43,1.9204094804339456e-40,6.78459670979825e-40
Int4 Quantized,Masri,5,L4, هي,0.9999980926513672,1.971314689986411e-24,3.896092182546829e-26,3.7500991985836776e-24,1.2793758486826014e-26,3.057727129427628e-34,4.980922682937019e-31,5.544080617725113e-33,5.068014118993962e-31,2.6322451325020188e-36,1.6050303309630386e-30,9.978760635542824e-30
Int4 Quantized,Masri,6,L5,<bos>,1.0,0.0,1.4573504028978098e-43,0.0,0.0,0.0,0.0,0.0,0.0,0.0,0.0,0.0
Int4 Quantized,Masri,7,L6, هي,0.9999774694442748,4.918391623809809e-19,9.685345295820094e-17,2.1959636207011118e-16,3.291451746202616e-18,1.5768439660266937e-23,3.065672915944128e-21,2.2216557145107283e-22,7.345779853157863e-22,2.3682146716607114e-24,4.73074673582792e-19,6.047671003776391e-19
Int4 Quantized,Masri,8,L7, هي,0.9999855756759644,4.2362894372067783e-16,3.915420979517907e-14,4.7060123945516855e-14,5.729243187318047e-15,1.2269103893180274e-15,6.014376415517178e-14,2.762933064879658e-16,8.090278858563677e-18,7.932044170465958e-18,3.548099720930217e-14,1.6464788423780252e-15
Int4 Quantized,Masri,9,L8, هي,0.9991719722747804,5.3852731871301476e-14,5.735352514094072e-13,1.7329930893095202e-11,7.532650447405338e-14,2.275592388134573e-11,3.790796843095024e-11,6.527064452073114e-14,1.3863974553329311e-16,1.996824480735731e-15,3.279977634981779e-12,1.0681273167377841e-13
Int4 Quantized,Masri,10,L9, هي,0.9872581362724304,6.197102293131751e-13,5.259204096524917e-12,7.794516421189002e-11,1.2105476397770293e-13,1.2682923600237928e-09,6.390954876422938e-09,2.589886118065099e-11,5.4479185580629495e-15,3.032787508541052e-13,1.439187991003621e-09,6.007139230490566e-12
Int4 Quantized,Masri,11,L10, هي,0.9077802896499634,1.0262977533787021e-12,1.8857009703721058e-11,5.646398903991211e-10,5.521454604293097e-13,4.3251691117518484e-09,1.5353109006355226e-08,1.91717284409032e-11,7.198855091683151e-15,3.473046503166266e-12,1.3281223898431451e-09,1.5247457740841242e-09
Int4 Quantized,Masri,12,L11, هي,0.6896364092826843,6.0618541436463494e-12,3.7211861370067817e-10,3.603962239751013e-09,5.1366792763740676e-11,1.3208349969318078e-07,2.055824488422786e-08,1.1927231424735394e-09,7.331661048669974e-14,2.2998047910505195e-10,2.659897972989711e-07,1.4324291086609264e-08
Int4 Quantized,Masri,13,L12, هي,0.4637144804000854,8.870951390994863e-13,9.175578630227219e-10,5.602696084849866e-10,4.939109191082203e-11,1.105958915559313e-07,1.574624874933761e-08,2.197127635383822e-08,9.315651548769122e-13,1.0548660556164435e-10,3.873915375152137e-06,2.3210087363167986e-07
Int4 Quantized,Masri,14,L13, is,0.374923437833786,3.3399691568231436e-14,3.4883661931273124e-11,6.784589556829701e-11,1.3642084966021542e-13,9.619002412364352e-07,2.0158362090683116e-08,2.863469489966519e-06,3.9161907224027895e-12,2.10985395820984e-10,0.0001743845932651,1.3500858585757667e-05
Int4 Quantized,Masri,15,L14, هي,0.529916524887085,4.226310192654084e-14,1.0270909123200056e-11,5.076254000480063e-11,4.5468735384874427e-14,2.1486039258888923e-05,8.468508561065846e-09,2.8059459964424605e-06,5.694700895737814e-13,1.9997681288685953e-09,7.844649371691048e-05,4.952911694999784e-05
Int4 Quantized,Masri,16,L15, one,0.2267830818891525,1.2567392872891993e-12,9.865605554715272e-11,2.1893688251228838e-10,2.0108268077977806e-13,1.6215723519508177e-07,1.925644532718706e-09,2.659537017279945e-07,1.0842161586935297e-12,1.838041274737634e-09,4.670279849960934e-06,9.664137905929238e-05
Int4 Quantized,Masri,17,L16, automatiques,0.2627447545528412,2.081133355924525e-11,8.59242010875505e-09,5.295774929692243e-10,2.538694948706066e-12,0.0002103773585986,7.067100341373589e-06,2.990595476148883e-06,5.779396058946951e-12,1.9814663119177567e-06,0.0002481630654074,0.0001889218110591
Int4 Quantized,Masri,18,L17, ,0.2237365394830703,1.6430145411512262e-14,9.174572560000094e-12,1.4795834642113842e-13,8.547051006399868e-14,1.3385857528191993e-05,3.909539358915026e-09,0.0002045687870122,2.5582045162786397e-12,0.0001480561477364,0.2090575546026229,0.1521380096673965
Int4 Quantized,Masri,19,L18, what,0.9942493438720704,1.450020242765859e-10,3.3148744166267008e-12,1.5531121277945206e-07,1.0739250634606012e-11,4.230286322126631e-06,2.1837118224787844e-10,0.0011931110639125,2.5219726480785187e-12,4.533267485840042e-07,0.0014363968512043,0.9942493438720704
Int4 Quantized,Masri,20,L19, capital,0.6432694792747498,1.4205064902128584e-09,5.738166452412541e-12,3.413381355343858e-09,2.83896658351962e-13,0.6432694792747498,2.879248506282295e-10,6.4241203290293925e-06,3.043410358796739e-12,4.562750621772693e-09,0.0003259285585954,0.3548652231693268
Int4 Quantized,Masri,21,L20, what,0.9738240242004396,5.043742090649062e-10,2.2093373137910266e-12,7.956608150117005e-10,1.0716046106029609e-12,0.0122651606798172,1.1351781060292554e-12,0.0036873994395136,2.110366222052296e-11,2.5831635866779837e-05,0.0077798110432922,0.9738240242004396
Int4 Quantized,Masri,22,L21, what,0.4603705108165741,2.4305899160026456e-07,7.232727194939058e-10,1.225830409401496e-10,2.029166938644078e-11,0.4118423163890838,2.572915658305419e-09,0.1048879101872444,7.562962062168666e-11,4.481663927435875e-05,0.0180082190781831,0.4603705108165741
Int4 Quantized,Masri,23,L22,...,0.4365257620811462,0.064207524061203,8.843608156894335e-08,2.315612800884992e-05,1.6759570398150456e-09,0.2921698093414306,2.9792902367375973e-08,0.0819330438971519,4.0107558163526846e-08,0.0752834230661392,0.0075953179039061,0.0013214730424806
Int4 Quantized,Masri,24,L23, capital,0.905408501625061,0.0003357407695148,7.452609906977159e-07,1.9712658172466038e-07,5.7900528815935104e-08,0.905408501625061,2.306787428096868e-05,3.309318708488718e-05,1.988061967495014e-06,0.0247375648468732,0.001965741161257,7.677508983761072e-05
Int4 Quantized,Masri,25,L24,:,0.1883478015661239,0.0001163823180831,0.0028282657731324,2.1449509404192213e-06,0.0005640494637191,0.0349575281143188,0.0392309688031673,5.445109127322212e-05,0.0108398972079157,0.0222355127334594,0.1883478015661239,0.0003330416220705
Int4 Quantized,Masri,26,L25,:,0.1607116758823394,2.4713985112612136e-05,0.0646315217018127,8.04001629717277e-08,0.015155216678977,5.896375228076067e-07,0.092121697962284,9.75581569946371e-05,0.0099447229877114,0.0030831883195787,0.1607116758823394,2.2251435893849703e-06
